"English","العربية"
"Missing Translations","ترجمات مفقودة"
"mo","mo"
"Mobile Money","المال المحمول"
"Module Details","تفاصيل الوحدة"
"Module Update Management","إدارة تحديث الوحدات"
"Modules","الوحدات"
"Monitor","المراقبة"
"Monitor Horizon","مراقبة Horizon"
"Monthly","شهري"
"Monthly Revenue","الإيرادات الشهرية"
"Most Popular","الأكثر شعبية"
"Multi-Currency Support","دعم متعدد العملات"
"Multiple files can be attached","يمكن إرفاق ملفات متعددة"
"Must be one base currency","يجب أن تكون عملة أساسية واحدة"
"My Profile","ملفي الشخصي"
"Name","الاسم"
"Name:","Name:"
"Navigate to WhatsApp &gt; Setup in your app dashboard","Navigate to WhatsApp &gt; Setup in your app dashboard"
"Need help?","Need help?"
"Never","Never"
"New","جديد"
"New Attachments","New Attachments"
"New Client Reply","New Client Reply"
"New Client Reply - Ticket","New Client Reply - Ticket"
"New Currency","New Currency"
"New Department","New Department"
"New Feature","New Feature"
"New Password","New Password"
"New Priority","New Priority"
"New Role","New Role"
"New Status","New Status"
"New Subscription","New Subscription"
"New Support Ticket","New Support Ticket"
"A new support ticket has been submitted and requires admin review.","A new support ticket has been submitted و requires admin review."
"New Tenant","New Tenant"
"New Tenants","New Tenants"
"New ticket","New ticket"
"A new ticket requires your attention","تذكرة جديدة تحتاج إلى انتباهك"
"New Update Available! The WhatsMark script has a new update.","New Update Available! The WhatsMark script has a new update."
"New User","New User"
"New webhook secret","New webhook secret"
"Next","التالي"
"Next Billing","Next Billing"
"Next invoice number in sequence","Next invoice number in sequence"
"No Active Subscription","No Active Subscription"
"No changes to save.","No changes to save."
"No contact selected","No contact selected"
"No Credit Balance","No Credit Balance"
"No Credit Transactions","No Credit Transactions"
"No custom domain has been configured for this tenant","No custom domain has been configured for this tenant"
"No department data available.","No department data available."
"No departments selected","No departments selected"
"No departments with tickets found.","No departments with tickets found."
"No expiring subscriptions","No expiring subscriptions"
"No FAQs available","No FAQs available"
"No Faqs Found","No Faqs Found"
"No fields found","No fields found"
"No fields in category","No fields in category"
"No history available for this subscription.","No history available for this subscription."
"No invoices found","No invoices found"
"No local webhook records found.","No local webhook records found."
"No log entries.","No log entries."
"No log entries found. The file may be empty.","No log entries found. The file may be empty."
"No log file selected","No log file selected"
"No log files","No log files"
"No matching fields in group","No matching fields in group"
"No merge fields available.","No merge fields available."
"No more assignees to select","No more assignees to select"
"No more taxes to select","No more taxes to select"
"You do not have permission to perform this action.","You do not have permission to perform this action."
"No Plan Available","No Plan Available"
"There are no subscription plans available at the moment.","There are no subscription plans available at the moment."
"No plans found","No plans found"
"No recent transactions","No recent transactions"
"Email testing failed: No recipient address provided.","فشل اختبار البريد الإلكتروني: لم يتم تقديم عنوان المستلم."
"No recommendations available at this time","No recommendations available at this time"
"No release information available","No release information available"
"No staff assigned","No staff assigned"
"No Stripe webhooks are currently configured.","No Stripe webhooks are currently configured."
"No subscriptions found.","No subscriptions found."
"No tax rates","No tax rates"
"No templates found.","No templates found."
"No themes found in your theme folder","No themes found in your theme folder"
"No Tickets Selected","No Tickets Selected"
"No transactions found.","No transactions found."
"No users available to assign","No users available to assign"
"No users found","No users found"
"No valid translation strings found","No valid translation strings found"
"No webhooks found","No webhooks found"
"None","لا شيء"
"Not Configured","Not Configured"
"You Can&#039;t Delete Base Currency","You Can&#039;t Delete Base Currency"
"Not Set","Not Set"
"Notice","Notice"
"Notification Email","Notification Email"
"Notification Sound","Notification Sound"
"Notify Administrator When New Tenant Register","Notify Administrator When New Tenant Register"
"Obtain your Google Re-Captcha credentials","Obtain your Google Re-Captcha credentials"
"of","of"
"of total","of total"
"Official WhatsApp Webhook Documentation","Official WhatsApp Webhook Documentation"
"Offline Instructions","Offline Instructions"
"Offline Payment","Offline Payment"
"These details for offline payments.","These details for offline payments."
"Offline payment settings","Offline payment settings"
"Offline payment settings description","Offline payment settings description"
"OG Description","OG Description"
"OG Settings","OG Settings"
"OG Title","OG Title"
"on behalf of","on behalf of"
"On Hold","معلّق"
"Once you have active subscriptions, you","Once you have active subscriptions, you"
"Only active departments appear in ticket forms","Only active departments appear in ticket forms"
"Open","Open"
"Open Sidebar","Open Sidebar"
"Open Tickets","Open Tickets"
"Open Tickets:","Open Tickets:"
"Open user menu","Open user menu"
"Optimization settings updated successfully","Optimization settings updated successfully"
"(Optional)","(اختياري)"
"Order","الترتيب"
"Organize departments by function or expertise","Organize departments by function أو expertise"
"Original Attachments","Original Attachments"
"Outline","Outline"
"Overview of department metrics","Overview of department metrics"
"Page","صفحة"
"Page activated successfully","Page activated successfully"
"Page created successfully","Page created successfully"
"Page deactivated successfully","Page deactivated successfully"
"Page delete failed","Page delete failed"
"Page deleted successfully","Page deleted successfully"
"Page save failed","Page save failed"
"Page updated successfully","Page updated successfully"
"Pages","الصفحات"
"Pages","الصفحات"
"Paid","Paid"
"Paid Invoices","Paid Invoices"
" Paid on:","تم الدفع في:"
"Parent Page","Parent Page"
"Partner Logo","Partner Logo"
"Partner logos saved successfully!","Partner logos saved successfully!"
"Partner Logos","Partner Logos"
"Password","كلمة المرور"
"Password Recovery","Password Recovery"
"Password","كلمة المرور"
"A new password reset link has been sent to your email address.","تم إرسال رابط إعادة تعيين كلمة المرور الجديد إلى بريدك الإلكتروني."
"Password updated successfully!","Password updated successfully!"
"Password updated successfully. You have been logged out.","Password updated successfully. You have been logged out."
"Password updated successfully. You have been logged out.","Password updated successfully. You have been logged out."
"Password updated successfully!","Password updated successfully!"
"Pause Subscription","Pause Subscription"
"Paused","Paused"
"Paused At","Paused At"
"Pay Now","Pay Now"
"Pay securely with PayPal - Bank accounts, credit cards, and PayPal balance supported","Pay securely with PayPal - Bank accounts, credit cards, و PayPal balance supported"
"Payment","الدفع"
"This payment has already been processed successfully.","This payment has already been processed successfully."
"Payment has been approved and subscription activated.","Payment has been approved و subscription activated."
"This payment has been approved. The invoice has been marked as paid and the subscription has been activated.","This payment has been approved. The invoice has been marked as paid و the subscription has been activated."
"Approved on:","تمت الموافقة في:"
"Payment Approved","Payment Approved"
"Payment Authentication","Payment Authentication"
"Payment Authentication Required","Payment Authentication Required"
"Payment Date","Payment Date"
"A payment error occurred. Please try again.","حدث خطأ في الدفع. يرجى المحاولة مرة أخرى."
"Payment failed. Please try again.","Payment failed. Please try again."
"Payment Failures","Payment Failures"
"Payment Gateway","Payment Gateway"
"Payment Gateway Settings","Payment Gateway Settings"
"Payment gateway settings saved successfully.","Payment gateway settings saved successfully."
"Payment Gateway Webhooks","Payment Gateway Webhooks"
"Payment Gateways","Payment Gateways"
"Payment gateways updated successfully.","Payment gateways updated successfully."
"Payment ID","Payment ID"
"Payment Information","Payment Information"
"Payment Instructions","Payment Instructions"
"There was a problem with your payment authentication link.","There was a problem with your payment authentication link."
"Payment Method","Payment Method"
"Thank you for your business! Your payment has been received and processed successfully.","Thank you for your business! Your payment has been received و processed successfully."
"Payment Reference","Payment Reference"
"This payment has been rejected.","This payment has been rejected."
"Rejected on:","Rejected on:"
"Payment Rejected","Payment Rejected"
"Reason: ","Reason: "
"Payment Settings","Payment Settings"
"Payment completed successfully","Payment completed successfully"
"Thank you for your business. All payments are due within the specified due date.","Thank you for your business. All payments are due within the specified due date."
"Payment token is missing","Payment token is missing"
"An error occurred while verifying payment","حدث خطأ أثناء التحقق من الدفع"
"Payment verification failed. Please try again.","Payment verification failed. Please try again."
"PayPal","PayPal"
"Brand Name","اسم العلامة التجارية"
"PayPal Client ID","PayPal Client ID"
"Your PayPal application client ID from the Developer Dashboard","Your PayPal application client ID from the Developer Dashboard"
"PayPal Client Secret","PayPal Client Secret"
"Your PayPal application client secret from the Developer Dashboard","Your PayPal application client secret from the Developer Dashboard"
"PayPal Configuration","PayPal Configuration"
"Configure your PayPal payment gateway settings. You can get these credentials from your PayPal Developer Dashboard.","Configure your PayPal payment gateway settings. You can get these credentials from your PayPal Developer Dashboard."
"PayPal Mode","PayPal Mode"
"PayPal Payment","PayPal Payment"
"PayPal Payment Settings","PayPal Payment Settings"
"Configure these webhook events in your PayPal Developer Dashboard","Configure these webhook events in your PayPal Developer Dashboard"
"Set up webhooks to receive real-time payment notifications from PayPal","Set up webhooks to receive real-time payment notifications from PayPal"
"Paystack","Paystack"
"Paystack Configuration","Paystack Configuration"
"Configure your Paystack API keys and settings","Configure your Paystack API keys و settings"
"Cards, Bank Transfer, Mobile Money","البطاقات، التحويل البنكي، المال المحمول"
"Pay securely with Paystack - Cards, Bank Transfer, USSD, and Mobile Money supported.","Pay securely with Paystack - Cards, Bank Transfer, USSD, و Mobile Money supported."
"Paystack","Paystack"
"Paystack Payment Settings","Paystack Payment Settings"
"Your Paystack public key (starts with pk_)","Your Paystack public key(starts with pk_)"
"Your Paystack secret key (starts with sk_)","Your Paystack secret key(starts with sk_)"
"Cards, Bank Transfer, Mobile Money","البطاقات، التحويل البنكي، المال المحمول"
"NGN (Nigerian Naira), USD (US Dollar), GHS (Ghanaian Cedi), ZAR (South African Rand), KES (Kenyan Shilling)","NGN(Nigerian Naira), USD(US Dollar), GHS(Ghanaian Cedi), ZAR(South African Rand), KES(Kenyan Shilling)"
"Add this URL to your Paystack dashboard webhook settings","أضف هذا الرابط إلى إعدادات webhook في لوحة Paystack"
"Pending","قيد الانتظار"
"Pending Subscriptions","Pending Subscriptions"
"Pending Tickets","Pending Tickets"
"per file","per file"
"Per Page","لكل صفحة"
"Percentage","النسبة المئوية"
"Performance Optimization","Performance Optimization"
"Performance Recommendations","Performance Recommendations"
"Always use production mode unless actively working on new features or debugging.","Always use production mode unless actively working on new features أو debugging."
"Period","Period"
"Personal Information","Personal Information"
"Phone","الهاتف"
"Phone:","Phone:"
"Plan","الخطة"
"Plan activated successfully","Plan activated successfully"
"Plan created successfully","Plan created successfully"
"Plan deactivated successfully","Plan deactivated successfully"
"Plan deleted successfully","Plan deleted successfully"
"Plan Details","Plan Details"
"Plan Distribution","Plan Distribution"
"Plan Features","Plan Features"
"This plan is in use by active subscriptions and cannot be deleted","This plan is in use by active subscriptions و cannot be deleted"
"Plan marked as featured","Plan marked as featured"
"Plan Name","Plan Name"
"Plan not found","Plan not found"
"Plan Price","Plan Price"
"Plan unmarked as featured","Plan unmarked as featured"
"Plan updated successfully","Plan updated successfully"
"Plans","الخطط"
"Plans Page Link","Plans Page Link"
"Plans Page Settings","Plans Page Settings"
"Plans Page Title","Plans Page Title"
"Plans Read","Plans Read"
"Please check your cron job setup. It has not run in the last 48 hours.","Please check your cron job setup. It has not run in the last 48 hours."
"Please copy your new API token now.","Please copy your new API token now."
"Please do not close this window or navigate away until the update is complete.","Please do not close this window أو navigate away until the update is complete."
"Please provide a reason for rejecting this payment...","Please provide a reason for rejecting this payment..."
"Please select an action","Please select an action"
"Please select an option","Please select an option"
"Please wait while we retrieve the subscription information.","Please wait while we retrieve the subscription information."
"portal","portal"
"Prefix","Prefix"
"Preview","معاينة"
"Previous","السابق"
"Price","Price"
"Pricing","الأسعار"
"Pricing &amp; Limits","Pricing &amp; Limits"
"Pricing Plan","Pricing Plan"
"Pricing Section Subtitle","Pricing Section Subtitle"
"Pricing Section Title","Pricing Section Title"
"Primary","Primary"
"Primary Button Text","Primary Button Text"
"Primary Button Type","Primary Button Type"
"Primary Button URL","Primary Button URL"
"Priority","الأولوية"
"Priority:","Priority:"
"Priority Levels","Priority Levels"
"Privacy Policy","Privacy Policy"
"Set up and manage your privacy policy page that users can view","Set up و manage your privacy policy page that users can view"
"Processed","Processed"
" Processing...","جاري المعالجة..."
"Processing cache clearing...","Processing cache clearing..."
"Processing Days","Processing Days"
"Processing days example","Processing days example"
"Processing error","Processing error"
"production","production"
"Profile Image","Profile Image"
"Profile Image Removed Successfully","Profile Image Removed Successfully"
"Profile updated successfully","Profile updated successfully"
"Provide a clear and descriptive subject","Provide a clear و descriptive subject"
"Provide translations for all supported languages","Provide translations for all supported languages"
"Provider","Provider"
"Public Key","Public Key"
"Publishable Key","Publishable Key"
"Your Stripe publishable key (starts with pk_)","Your Stripe publishable key(starts with pk_)"
" Purchase Key","مفتاح الشراء"
"Pusher","Pusher"
"Pusher connection test failed, Check logs for more details","Pusher connection test failed, Check logs for more details"
"Pusher connection test successful!","Pusher connection test successful!"
"Pusher test connection error:","Pusher test connection error:"
"Pusher test connection failed:","Pusher test connection failed:"
"QR Code Payments","QR Code Payments"
"Qty","Qty"
"Quantity","Quantity"
"Question","Question"
"Queue Driver","Queue Driver"
"Choose how background jobs and tasks are processed by your application.","Choose how background jobs و tasks are processed by your application."
"Queue Method","Queue Method"
"Queues allow deferring time-consuming tasks, such as sending emails, until a later time.","Queues allow deferring time-consuming tasks, such as sending emails, until a later time."
"Queue Monitoring","Queue Monitoring"
"Quick Actions","Quick Actions"
"Quick Filters","Quick Filters"
"Quick Response Tips:","Quick Response Tips:"
"Quick setup to launch your marketing campaigns","Quick setup to launch your marketing campaigns"
"Ranked by activities","Ranked by activities"
"Rate","تقييم"
"Razorpay","Razorpay"
"Razorpay API Keys","Razorpay API Keys"
"Please authenticate this payment to continue your subscription. This is required by RBI regulations for all recurring payments.","Please authenticate this payment to continue your subscription. This is required by RBI regulations for all recurring payments."
"Your subscription payment requires authentication as per RBI regulations.","Your subscription payment requires authentication as per RBI regulations."
"Due to Reserve Bank of India (RBI) regulations, all recurring payments through Razorpay require customer authentication for each transaction.","Due to Reserve Bank of India(RBI)regulations, all recurring payments through Razorpay require customer authentication for each transaction."
"Razorpay auto-billing requires additional setup with customer tokens and saved payment methods.","Razorpay auto-billing requires additional setup with customer tokens و saved payment methods."
"This feature requires merchant account approval from Razorpay and additional integration steps.","This feature requires merchant account approval from Razorpay و additional integration steps."
"Here&#039;s how the auto-billing process works:","إليك كيفية عمل عملية الفوترة التلقائية:"
"Razorpay Configuration","Razorpay Configuration"
"Enter your Razorpay API credentials and configure payment settings","Enter your Razorpay API credentials و configure payment settings"
"Unlike other payment gateways, Razorpay cannot automatically charge your payment method without your authentication due to RBI guidelines. You must approve each recurring payment.","Unlike other payment gateways, Razorpay cannot automatically charge your payment method without your authentication due to RBI guidelines. You must approve each recurring payment."
"Key ID","معرّف المفتاح"
"Your Razorpay Key ID (starts with rzp_test_ or rzp_live_)","Your Razorpay Key ID(starts with rzp_test_ أو rzp_live_)"
"Key Secret","سر المفتاح"
"Your Razorpay Key Secret (keep this secure)","Your Razorpay Key Secret(keep this secure)"
"Razorpay Payment","Razorpay Payment"
"Razorpay payment is currently not available","Razorpay payment is currently not available"
"Razorpay Payment Settings","Razorpay Payment Settings"
"RBI Compliance for Recurring Payments","RBI Compliance for Recurring Payments"
"Due to Reserve Bank of India (RBI) regulations, all recurring payments require additional authentication by the customer for each transaction.","Due to Reserve Bank of India(RBI)regulations, all recurring payments require additional authentication by the customer for each transaction."
"Save your payment method for future use","Save your payment method for future use"
"Approve each recurring payment when notified","وافق على كل دفعة متكررة عند الإشعار"
"Check your email for payment authentication links when renewals are due","تحقق من بريدك الإلكتروني للحصول على روابط مصادقة الدفع عند استحقاق التجديدات"
"Supports UPI, Cards, Net Banking, and Digital Wallets","Supports UPI, Cards, Net Banking, و Digital Wallets"
"Webhook Configuration","Webhook Configuration"
"Configure webhook endpoints in your Razorpay dashboard","Configure webhook endpoints in your Razorpay dashboard"
"Enable these events: payment.captured, payment.failed, order.paid, payment.authorized","Enable these events: payment.captured, payment.failed, order.paid, payment.authorized"
"Webhook Secret","Webhook Secret"
"Optional: Secret for webhook signature verification","Optional: Secret for webhook signature verification"
"Copy the URL below and add it as a webhook endpoint in your Razorpay dashboard","Copy the URL below و add it as a webhook endpoint in your Razorpay dashboard"
"As per Reserve Bank of India (RBI) regulations, all recurring payments require additional authentication.","As per Reserve Bank of India(RBI)regulations, all recurring payments require additional authentication."
"Re-Captcha","Re-Captcha"
"Real-Time Event Broadcasting","Real-Time Event Broadcasting"
"Set up real-time communication channels for instant updates and live interactions across your application.","Set up real-time communication channels for instant updates و live interactions across your application."
"Reason for Rejection","Reason for Rejection"
"Re-Captcha site key","Re-Captcha site key"
"Re-Captcha site secret","Re-Captcha site secret"
"Recent Invoices","Recent Invoices"
"Recent Transactions","Recent Transactions"
"Recent Webhook Activity","Recent Webhook Activity"
"Recommended Actions:","Recommended Actions:"
"Recommended size","Recommended size"
"Redis","Redis"
"Redis connection test failed","Redis connection test failed"
"Redis connection test successful","Redis connection test successful"
"To enable Redis, please complete the following steps","To enable Redis, please complete the following steps"
"Redis Not Available","Redis Not Available"
"Redis queue is enabled. Configure workers to process background jobs efficiently.","Redis queue is enabled. Configure workers to process background jobs efficiently."
"Redis queue is now enabled. Laravel Horizon is available for queue monitoring.","Redis queue is now enabled. Laravel Horizon is available for queue monitoring."
"Redis Server Status","Redis Server Status"
"Check the status and connectivity of your Redis server for caching and queuing.","تحقق من حالة واتصال خادم Redis الخاص بك للتخزين المؤقت والطوابير."
"Refresh","تحديث"
"Refresh Service","Refresh Service"
"Regenerate Secret","Regenerate Secret"
"Register","التسجيل"
"Welcome! Your registration is completed successfully.","Welcome! Your registration is completed successfully."
"Registrations are temporarily closed","Registrations are temporarily closed"
"Reject Payment","Reject Payment"
"Are you sure you want to reject this payment? This action cannot be undone.","هل أنت متأكد من رفض هذه الدفعة؟ لا يمكن التراجع عن هذا الإجراء."
"Remember me","Remember me"
"Remove","إزالة"
"Remove Image","Remove Image"
"Remove Image","Remove Image"
"Removed successfully","Removed successfully"
"Renew Support","Renew Support"
"Reopen Ticket","Reopen Ticket"
"Replied to","Replied to"
"Replies:","Replies:"
"Reply added successfully!","Reply added successfully!"
"Reply added and ticket closed successfully!","Reply added و ticket closed successfully!"
"Reply &amp; Close","Reply &amp; Close"
"Reply attachment upload failed","Reply attachment upload failed"
"Reply Date:","Reply Date:"
"Reply deleted successfully!","Reply deleted successfully!"
"Reply to Client","Reply to Client"
"Require email verification before tenants can access their accounts","Require email verification before tenants can access their accounts"
"Required File Name","Required File Name"
"Resend Verification Email","Resend Verification Email"
"Reset","إعادة تعيين"
"Reset Password","Reset Password"
"Reset Password","Reset Password"
"Reset to Defaults","Reset to Defaults"
"Resolved","Resolved"
"Resource Limits","Resource Limits"
"Respond to the client promptly","Respond to the client promptly"
"Response sent","Response sent"
"Restore","استعادة"
"Resume Now","Resume Now"
"Resume Subscription","Resume Subscription"
"Resume subscription on","Resume subscription on"
"Resumes At","Resumes At"
"Return to Dashboard","Return to Dashboard"
"Revenue","Revenue"
"Revenue Over Time","Revenue Over Time"
"Review the client&#039;s response thoroughly","Review the client&#039;s response thoroughly"
"Review Ticket in Admin Panel","Review Ticket in Admin Panel"
"Review the ticket and client information","Review the ticket و معلومات العميل"
"Role","الدور"
"Role deleted successfully","Role deleted successfully"
"The Role is already being used","The Role is already being used"
"Failed to save role!","Failed to save role!"
"Role created successfully","Role created successfully"
"Role","الدور"
"Role updated successfully","Role updated successfully"
"Roles &amp; Permissions","Roles &amp; Permissions"
"Run Cron Manually","Run Cron Manually"
"Run Tool","Run Tool"
"Running...","Running..."
"© 2025 Your SaaS Platform. All rights reserved.","© 2025 Your SaaS Platform. All rights reserved."
"Sales","Sales"
"Sample keys","Sample keys"
"Sandbox Mode","Sandbox Mode"
"Save","حفظ"
"Save Changes","Save Changes"
"Save Changes","Save Changes"
"Save Configuration","Save Configuration"
"Save Plan","Save Plan"
"Save Secret","Save Secret"
"Save Settings","Save Settings"
"Save Template","Save Template"
"Saving...","Saving..."
"Scheduled Tasks Management","Scheduled Tasks Management"
"Search FAQs...","Search FAQs..."
"Search merge fields","Search merge fields"
"Search plans","Search plans"
"Search Tenant","Search Tenant"
"Secondary Button Text","Secondary Button Text"
"Secondary Button Type","Secondary Button Type"
"Secondary Button URL","Secondary Button URL"
"Secret Key","Secret Key"
"Your Stripe secret key (starts with sk_)","Your Stripe secret key(starts with sk_)"
"Section Title and Subtitle","Section Title و Subtitle"
"Section title subtitle settings","Section title subtitle settings"
"This is a secure area of the application. Please confirm your password before continuing.","This is a secure area of the application. Please confirm your password before continuing."
"Secure Password Reset","Secure Password Reset"
"Secure payment powered by PayPal","Secure payment powered by PayPal"
"Secure your webhooks with a secret token to verify requests","Secure your webhooks with a secret token to verify requests"
"Security","الأمان"
"Select a Plan","Select a Plan"
"Select Action","Select Action"
"Select Admin","Select Admin"
"Select Admin to Add","Select Admin to Add"
"Select assignee","Select assignee"
"Select Assignees","Select Assignees"
"Select Country","Select Country"
"Select Date Format","Select Date Format"
"Select Default Language","Select Default Language"
"Select taxes that should be applied to invoices by default","Select taxes that should be applied to invoices by default"
"Select Department","Select Department"
"Please select departments to perform bulk action","Please select departments to perform bulk action"
"Select File","Select File"
"Select Language","Select Language"
"Select Option","Select Option"
"Select Option","Select Option"
"Select or browse to Hero Image from your gallery.","اختيار أو browse to Hero Image from your gallery."
"Select Period","Select Period"
"Please select a plan to continue.","Please select a plan to continue."
"Select Priority","Select Priority"
"Select Role","Select Role"
"Select SMTP Encryption","Select SMTP Encryption"
"Select SMTP Protocol","Select SMTP Protocol"
"Select Status","Select Status"
"Select Taxes","Select Taxes"
"Select Tenant","Select Tenant"
"Select the appropriate client for this ticket","Select the appropriate client for this ticket"
"Select Time Format","Select Time Format"
"Select Timezone","Select Timezone"
"Select or browse to Unique Feature Image from your gallery.","اختيار أو browse to Unique Feature Image from your gallery."
"Selected:","Selected:"
"Selected Assignees:","Selected Assignees:"
"Some selected departments have tickets assigned to them.","Some selected departments have tickets assigned to them."
"Selected Files","Selected Files"
"The selected user must be an active admin to assign tickets.","The selected user must be an active admin to assign tickets."
"Send email notification","Send email notification"
"We&#039;ll send instructions to your email","We&#039;ll send instructions to your email"
"Send Reply","Send Reply"
"Send reset link","Send reset link"
"Send Test Email","Send Test Email"
"Send test email to make sure that your SMTP settings is set correctly.","Send test email to make sure that your SMTP settings is set correctly."
"Is Verified User","مستخدم موثّق"
"Send Welcome Mail","Send Welcome Mail"
"Sender Email","Sender Email"
"Sender Name","Sender Name"
"Sending...","Sending..."
"Sends a test ping to verify webhook is correctly configured and receiving messages.","Sends a test ping to verify webhook is correctly configured و receiving messages."
"Sends welcome email to new users after registration.","Sends welcome email to new users after registration."
"Meta Description","الوصف التعريفي"
"Meta Keywords","Meta Keywords"
"Meta Title","Meta Title"
"Session Driver","Session Driver"
"Set background color","Set background color"
"✓ Set as base currency if this will be your primary currency for subscriptions","✓ Set as base currency if this will be your primary currency for subscriptions"
"Set the default language for new tenants registering on the platform","Set the default language for new tenants registering on the platform"
"Set Invoice And Payment Details","Set Invoice And Payment Details"
"Set message color","Set message color"
"Set link text color","Set link text color"
"Set priority based on urgency and impact","Set priority based on urgency و impact"
"Set realistic expectations for resolution","Set realistic expectations for resolution"
"Set the number of items per page for tables across the application.","Set the number of items per page for tables across the application."
"Set up the basic information for your offline payment method","Set up the basic information for your offline payment method"
"setting","setting"
"Failed to save settings","Failed to save settings"
"Settings saved successfully","Settings saved successfully"
"Setting up the Cronjob","Setting up the Cronjob"
"Settings","الإعدادات"
"Settings have been reset to default values","Settings have been reset to default values"
"Settings saved successfully.","Settings saved successfully."
"Setup","الإعداد"
"Setup Auto Billing","Setup Auto Billing"
"Setup Guide","Setup Guide"
"Configure automatic billing for recurring subscriptions","Configure automatic billing for recurring subscriptions"
"Setup Subscription","Setup Subscription"
"Set up webhooks to receive real-time notifications when events happen in your Stripe account.","Set up webhooks to receive real-time notifications when events happen in your Stripe account."
"Show active only","Show active only"
"Show in menu","Show in menu"
"Show Preview","Show Preview"
"Showing page","Showing page"
"Sign in to access your WhatsApp marketing dashboard","Sign in to access your WhatsApp marketing dashboard"
"Site Description","Site Description"
"Site Logo","Site Logo"
"Site Name","Site Name"
"This site is protected by reCAPTCHA and the Google","This site is protected by reCAPTCHA و the Google"
"Size:","Size:"
"Slug","Slug"
"SMTP","SMTP"
"SMTP Encryption","SMTP Encryption"
"SMTP Host","SMTP Host"
"SMTP Password","SMTP Password"
"SMTP Port","SMTP Port"
"SMTP Protocol","SMTP Protocol"
"SMTP Username","SMTP Username"
"Software Update Management","Software Update Management"
"Manage application version updates, check for new releases, and control the update deployment process.","Manage application version updates, check for new releases, و control the update deployment process."
"Something went wrong!","Something went wrong!"
"This field contain invalid characters, script, or HTML.","This field contain invalid characters, script, أو HTML."
"SR.NO","SR.NO"
"SSL","SSL"
"SSL is required for desktop notifications.","SSL is required for desktop notifications."
"Staff","Staff"
"Start Date","Start Date"
"Started","Started"
"Started At","Started At"
"Started On","Started On"
"Status","الحالة"
"#Select Color","#اختر اللون"
"Status:","Status:"
"Status Options","Status Options"
"Status updated successfully","Status updated successfully"
"Stop Bot","Stop Bot"
"Storage linked successfully","Storage linked successfully"
"Stripe","Stripe"
"Stripe Configuration","Stripe Configuration"
"Configure your Stripe API keys and webhook settings","Configure your Stripe API keys و webhook settings"
"Stripe Payment Settings","Stripe Payment Settings"
"Stripe Subscription ID","Stripe Subscription ID"
"Stripe Webhook Details","Stripe Webhook Details"
"Subdomain","Subdomain"
"Subject","الموضوع"
"Subject:","Subject:"
"Submit","إرسال"
"Subscribe to these fields:","Subscribe to these fields:"
"Subscribed By","Subscribed By"
"Subscribed On ","Subscribed On "
"Subscriptions","الاشتراكات"
"Subscription Details","Subscription Details"
"Subscription Plans","Subscription Plans"
"Subscription Renewal","Subscription Renewal"
"Subscription Stats","Subscription Stats"
"Subscription Status","Subscription Status"
"Subscription Summary","Subscription Summary"
"Subscription Timeline","Subscription Timeline"
"Subscriptions","الاشتراكات"
"Subtotal","Subtotal"
"Successful","Successful"
"Successful payment","Successful payment"
"Successful Payments","Successful Payments"
"Successful Transactions","Successful Transactions"
"Successfully returned to admin panel","Successfully returned to admin panel"
"Summary Statistics","Summary Statistics"
"Support","الدعم"
"Support Agent","Support Agent"
"Support Tickets","Support Tickets"
"Supported Currencies","Supported Currencies"
"Supported Features","Supported Features"
"Supported formats: Images, Documents, Archives","Supported formats: Images, Documents, Archives"
"This will completely block the tenant&#039;s access.","This will completely block the tenant&#039;s access."
"Suspended","Suspended"
"Swift Code","Swift Code"
"Symbol","Symbol"
"Failed to sync languages","Failed to sync languages"
"Sync Languages","Sync Languages"
"Sync with Stripe","Sync with Stripe"
"Syncing","جاري المزامنة"
"System","System"
"System","System"
"System Core Settings","System Core Settings"
"Configure fundamental system-wide parameters and default behaviors that impact overall application performance and user experience. ","Configure fundamental system-wide parameters and default behaviors that impact overall application performance and user experience. "
"System Details and Diagnostics","System Details و Diagnostics"
"System Information","System Information"
"System Logs","System Logs"
"System Settings","System Settings"
"System Statistics","System Statistics"
"System Tools","System Tools"
"System Update","System Update"
"Table Configuration","Table Configuration"
"Tables Pagination Limit","Tables Pagination Limit"
"Tax","Tax"
"Tax added successfully","Tax added successfully"
"Failed to delete tax","Failed to delete tax"
"Tax deleted successfully","Tax deleted successfully"
"Tax Enabled","Tax Enabled"
"Tax Id Vat Number","Tax Id Vat Number"
"Tax","Tax"
"Tax Name","Tax Name"
"Tax Rates","Tax Rates"
"Failed to save tax","Failed to save tax"
"Tax Settings","Tax Settings"
"Tax updated successfully","Tax updated successfully"
"Taxes","Taxes"
"Team","الفريق"
"Team Limit","Team Limit"
"Team Members","Team Members"
"Template Bots","Template Bots"
"Template Configuration","Template Configuration"
"Template Information","Template Information"
"Template Name","Template Name"
"Template not found","Template not found"
"Tenant","Tenant"
"Tenant created successfully","Tenant created successfully"
"Tenant Credit Balances","Tenant Credit Balances"
"Tenant deleted successfully","Tenant deleted successfully"
"Tenant Details","Tenant Details"
"This tenant does not have an active subscription","This tenant does not have an active subscription"
"Tenant Information","Tenant Information"
"Tenant Languages","Tenant Languages"
"Tenant marked for deletion successfully","Tenant marked for deletion successfully"
"Tenant Name","Tenant Name"
"Tenant name has already been taken","Tenant name has already been taken"
"Tenant name is required.","Tenant name is required."
"Tenant name or email","Tenant name أو email"
"Tenant not found","Tenant not found"
"Failed to restore tenant","Failed to restore tenant"
"Tenant restored successfully","Tenant restored successfully"
"Tenant Settings","Tenant Settings"
"Tenant status updated","Tenant status updated"
"Tenant status updated successfully","Tenant status updated successfully"
"Tenant updated successfully","Tenant updated successfully"
"Tenant Users","Tenant Users"
"Tenant verified successfully","Tenant verified successfully"
"Tenant Viewed:","Tenant Viewed:"
"Tenants","Tenants"
"Terms and Conditions","الشروط و Conditions"
"Set up and manage your terms and conditions page that users can view","Set up and manage your terms and conditions page that users can view"
"Terms of Service","Terms of Service"
"Test","اختبار"
"Test Connection","Test Connection"
"Test Mode","Test Mode"
"Test Pusher","Test Pusher"
"Testimonial","Testimonial"
"Testimonial not found","Testimonial not found"
"Testimonial settings","Testimonial settings"
"Testimonials","Testimonials"
"Testimonials updated successfully","Testimonials updated successfully"
"Testing","الاختبار"
"Text to add before invoice number","Text to add before invoice number"
"the base currency.","the base currency."
"The Translation Cannot Be A JSON object Or Array","The Translation Cannot Be A JSON object Or Array"
"Their billing cycle will restart and they&#039;ll regain access to all features immediately.","Their billing cycle will restart و they&#039;ll regain access to all features immediately."
"Theme","المظهر"
"Theme Manager","Theme Manager"
"Theme Settings","Theme Settings"
"Customize your application by setting the favicon, site logo, dark logo, and cover page image to enhance branding and user experience.","Customize your application by setting the favicon, site logo, dark logo, and cover page image to enhance branding and user experience."
"Theme Style","Theme Style"
"Theme style saved and applied successfully!","Theme style saved و applied successfully!"
"Theme Style Settings","Theme Style Settings"
"These are the default permissions for API access","These are the default permissions for API access"
"These instructions will be shown to customers during checkout","These instructions will be shown to customers during checkout"
"This","This"
"This action cannot be undone.","This action cannot be undone."
"This information appears on your invoices","This information appears on your invoices"
" This logo will be removed after saving."," This logo will be removed after saving."
"This Month","هذا الشهر"
"This text appears at the bottom of all invoices","This text appears at the bottom of all invoices"
"This ticket is closed and cannot be modified.","This ticket is closed و cannot be modified."
"This transaction is not an offline payment.","This transaction is not an offline payment."
"This transaction is not pending.","This transaction is not pending."
"This URL must be publicly accessible for Stripe to send webhook events.","This URL must be publicly accessible for Stripe to send webhook events."
"This Week","هذا الأسبوع"
"This Year","هذا العام"
"Thousand Separator","Thousand Separator"
"Ticket #","Ticket #"
"Ticket Closed","Ticket Closed"
"Ticket closed by admin","Ticket closed by admin"
"Ticket closed by admin after reply","Ticket closed by admin after reply"
"This ticket is closed. To add a reply, please reopen the ticket first.","This ticket is closed. To add a reply, please reopen the ticket first."
"Ticket closed successfully!","Ticket closed successfully!"
"Ticket created successfully!","Ticket created successfully!"
"Ticket deleted successfully","Ticket deleted successfully"
"Ticket Departments","Ticket Departments"
"Ticket Details","Ticket Details"
"Ticket ID:","Ticket ID:"
"Ticket Information","Ticket Information"
"This ticket is closed and no longer accepts replies or modifications. Contact your administrator if you need to reopen this ticket.","This ticket is closed و no longer accepts replies أو modifications. Contact your administrator if you need to reopen this ticket."
"Ticket not found or you don&#039;t have permission to view it.","Ticket not found أو you don&#039;t have permission to view it."
"Ticket reopened successfully!","Ticket reopened successfully!"
"This ticket requires immediate attention!","This ticket requires immediate attention!"
"ticket(s)?","ticket(s)?"
"ticket(s) selected","ticket(s)selected"
"Ticket updated successfully!","Ticket updated successfully!"
"Tickets","تذاكر الدعم"
"Tickets deleted successfully","Tickets deleted successfully"
"Time Format","Time Format"
"Timeline","Timeline"
"Timezone","المنطقة الزمنية"
"Title","العنوان"
"TLS","TLS"
"To","إلى"
" to update the version.","لتحديث الإصدار."
"Toggle between sandbox and live mode","Toggle between sandbox و الوضع المباشر"
"Toggle Switch","Toggle Switch"
"Token Abilities","Token Abilities"
"Top","أعلى"
"Top Departments","Top Departments"
"Total","الإجمالي"
"Total Campaigns","Total Campaigns"
"Total Clients","Total Clients"
"Total Credit Remaining","Total Credit Remaining"
"Total Credits","Total Credits"
"Total Days","Total Days"
"Total Departments","Total Departments"
"Total Earnings","Total Earnings"
"Total Invoices","Total Invoices"
"Total Keys:","Total Keys:"
"Total number of attachments cannot exceed 5 files.","Total number of attachments cannot exceed 5 files."
"Total Savings","Total Savings"
"Total Size:","Total Size:"
"Total Subscriptions","إجمالي الاشتراكات"
"Total Tickets:","Total Tickets:"
"Total Tickets","Total Tickets"
"Total Transactions","Total Transactions"
"Total Usage","Total Usage"
"Total Users","Total Users"
"Total Uses","Total Uses"
"Track message delivery, read receipts, and engagement metrics.","Track message delivery, read receipts, و engagement metrics."
"Transaction Details","Transaction Details"
"Transaction History","Transaction History"
"Transaction Id","Transaction Id"
"Transaction Summary","Transaction Summary"
"Transactions","Transactions"
"Translate","Translate"
"Translate Language","Translate Language"
"Translation keys found","Translation keys found"
"Translation Management","Translation Management"
"Translation Statistics","Translation Statistics"
"Translation Stats","Translation Stats"
"Translation updated successfully","Translation updated successfully"
"Translations:","Translations:"
"Trial","تجريبي"
"Trial Days","Trial Days"
"Number of days for free trial (0 for no trial)","Number of days for free trial(0 for no trial)"
"Trial Ends","Trial Ends"
"Trial Ends At","Trial Ends At"
"Try adjusting your search terms","Try adjusting your search terms"
"Type","النوع"
"Unavailable","غير متاح"
"Unique Feature","Unique Feature"
"Unique Feature Description","Unique Feature Description"
"Unique Feature Image","Unique Feature Image"
"Unique Feature List","Unique Feature List"
"Unique Feature settings","Unique Feature settings"
"Unique Feature Subtitle","Unique Feature Subtitle"
"Unique Feature Title","Unique Feature Title"
"Unique Tenants","Unique Tenants"
"Units","Units"
"Unknown Tenant","Unknown Tenant"
"Unlimited","Unlimited"
"Unpaid","Unpaid"
"Unread Tickets","Unread Tickets"
"Unsupported payment provider:","Unsupported payment provider:"
"Update Assigned","Update Assigned"
"Updated Base Currency","Updated Base Currency"
"Update","تحديث"
"Update Password","Update Password"
"Update Plan","Update Plan"
"Update priority if necessary","Update priority if necessary"
"Update Tenant","Update Tenant"
"Update Ticket","Update Ticket"
"Update your Open Graph Settings","Update your Open Graph Settings"
"Update your Partner Logo Settings","Update your Partner Logo Settings"
"Update your SEO Settings","Update your SEO Settings"
" Updating module...","جاري تحديث الوحدة..."
" Updating system...","جاري تحديث النظام..."
"Accept UPI, cards, net banking and digital wallets","Accept UPI, cards, net banking و digital wallets"
"Upload failed","Upload failed"
"Upload failed. Please try again.","Upload failed. Please try again."
"Upload File","Upload File"
"Upload Files","Upload Files"
"Upload Language File","Upload Language File"
"Maximum file size: 2MB • File must be named:","Maximum file size: 2MB • File must be named:"
"Selected image preview","Selected image preview"
"Uploading","جاري الرفع"
"Urgent","Urgent"
"Urgent attention","Urgent attention"
"URL","URL"
"Usage","Usage"
"Usage History","Usage History"
"Use descriptive, understandable department names","Use descriptive, understandable department names"
"Use -1 for unlimited","Use -1 for unlimited"
"Use this url in your gateway webhook settings","Use this url in your gateway webhook settings"
"Use this URL in your Meta for Developers webhook configuration.","Use this URL in your Meta for Developers webhook configuration."
"User","مستخدم"
"User activated successfully","User activated successfully"
"User Deactivated","User Deactivated"
"User deactivated successfully","User deactivated successfully"
"User deleted successfully","User deleted successfully"
"User not found","User not found"
"User not verified","User not verified"
"User saved successfully","User saved successfully"
"User updated successfully","User updated successfully"
"Username","اسم المستخدم"
"Users","المستخدمون"
"List of users using this role","قائمة المستخدمين الذين يستخدمون هذا الدور"
"uses","uses"
"USSD Payments","USSD Payments"
"Must use Re-Captcha v3 in credentials setup. Be careful, the wrong settings will make the login system interruption.","Must use Re-Captcha v3 in credentials setup. Be careful, the wrong settings will make the login system interruption."
"Make sure to enter valid currency ISO code.","Make sure to enter valid currency ISO code."
"Validation failed due to unexpected error","Validation failed due to unexpected error"
"Value","القيمة"
"A new verification link has been sent to your email address.","تم إرسال رابط تحقق جديد إلى بريدك الإلكتروني."
"Verify Email","Verify Email"
"Thanks for signing up! Before getting started, could you verify your email address by clicking on the link we just emailed to you? If you didn&#039;t receive the email, we will gladly send you another.","Thanks for signing up! Before getting started, could you verify your email address by clicking on the link we just emailed to you? If you didn&#039;t receive the email, we will gladly send you another."
"Verify Webhook Connection","Verify Webhook Connection"
"Version","الإصدار"
"Version Information","Version Information"
"View","عرض"
"View All Invoices","View All Invoices"
"View all transactions","View all transactions"
"View Documentation","View Documentation"
"View PDF","View PDF"
"View Template","View Template"
"Clear compiled views to make views up to date.","Clear compiled views to make views up to date."
"View Tickets","View Tickets"
"View WhatsApp Webhook Documentation","View WhatsApp Webhook Documentation"
"Visible","مرئي"
"Visit Site","Visit Site"
"vs previous","vs previous"
"Warning","تحذير"
"We&#039;re not accepting new tenant registrations at the moment. Please check back later or contact support if you have questions.","We&#039;re not accepting new tenant registrations at the moment. Please check back later أو contact support if you have questions."
"We recommend generating a webhook secret to secure your payment events","We recommend generating a webhook secret to secure your payment events"
"Whatsapp Webhook","Whatsapp Webhook"
"Webhook","خطاف ويب"
"Webhook configuration","Webhook configuration"
"Use this URL in your Stripe dashboard to configure webhooks","Use this URL in your Stripe dashboard to configure webhooks"
"Webhook configurations stored in your application database.","Webhook configurations stored in your application database."
"Webhook connected successfully","Webhook connected successfully"
"Webhook Connection","Webhook Connection"
"Webhook created successfully.","Webhook created successfully."
"Webhook deleted successfully.","Webhook deleted successfully."
"Webhook Endpoint Url","Webhook Endpoint Url"
"Webhook Endpoint URL","Webhook Endpoint URL"
"Webhook Events","Webhook Events"
"Webhook Id","Webhook Id"
"Webhook ID:","Webhook ID:"
"Webhook ID updated successfully.","Webhook ID updated successfully."
"Webhook Resend Method","Webhook Resend Method"
"Webhook Secret","Webhook Secret"
"Your Stripe webhook signing secret (starts with whsec_)","Your Stripe webhook signing secret(starts with whsec_)"
"Webhook secret for verification","Webhook secret for verification"
"Webhook secret is configured","Webhook secret is configured"
"Webhook secret is stored securely and not displayed for security reasons","Webhook secret is stored securely و not displayed for security reasons"
"Webhook secret not configured","Webhook secret not configured"
"Webhook secret updated successfully.","Webhook secret updated successfully."
"Webhook Settings","Webhook Settings"
"Webhook Setup Instructions","Webhook Setup Instructions"
"Webhook updated successfully.","Webhook updated successfully."
"Webhook URL","Webhook URL"
"Webhook URL copied to clipboard","Webhook URL copied to clipboard"
"Webhook verified","Webhook verified"
"Webhooks","خطافات الويب"
"Webhooks configured successfully.","Webhooks configured successfully."
"Website","الموقع الإلكتروني"
"Website SEO &amp; OG","Website SEO &amp; OG"
"Website SEO &amp; Open Graph","Website SEO &amp; Open Graph"
"Website SEO settings","Website SEO settings"
"Website Settings","Website Settings"
"Welcome Back","Welcome Back"
"Welcome to your admin dashboard","Welcome to your admin dashboard"
"Whatsapp Auto Lead","Whatsapp Auto Lead"
"Whatsapp Webhook","Whatsapp Webhook"
"WhatsApp Webhook Configuration","WhatsApp Webhook Configuration"
"WhatsApp webhook disconnected successfully.","WhatsApp webhook disconnected successfully."
"Whatsmark Ping Received","Whatsmark Ping Received"
"When enabled, bank details will appear on invoice documents.","When enabled, bank details will appear on invoice documents."
"Will be deleted","Will be deleted"
"This logo will be displayed on your site.","This logo will be displayed on your site."
"With Layout","With Layout"
"With Tickets","With Tickets"
"Without Tickets","Without Tickets"
"Worker Active","Worker Active"
"Worker Inactive","Worker Inactive"
"Workers","Workers"
"Yearly","Yearly"
"Yes, Approve","Yes, Approve"
"Yes, Reject","Yes, Reject"
"You&#039;re about to pause subscription for tenant","You&#039;re about to pause subscription for tenant"
"You can attach files to provide additional context or evidence for the ticket.","You can attach files to provide additional context أو evidence for the ticket."
"You cannot delete this reply. Replies can only be deleted by admins within","You cannot delete this reply. Replies can only be deleted by admins within"
"You can&#039;t delete this tenant because it&#039;s connected to subscriptions","You can&#039;t delete this tenant because it&#039;s connected to subscriptions"
"You have selected the plan:","You have selected the plan:"
"Your Company Name","Your Company Name"
"Your Version","Your Version"
"You&#039;re about to resume subscription for tenant","You&#039;re about to resume subscription for tenant"
"yr","yr"
